Name,State,Crunchbase link,Angel Link,Website,Start date,Exit Value,Unknown,Funding,Categories,Region,IPO Status,Last Funding Type,Number of Funding Rounds,Number of Articles,Number of Employees,Number of investors
Rapportive ,Exited,http://www.crunchbase.com/organization/rapportive,https://angel.co/rapportive,http://rapportive.com, 6/2010,"$15,000,000 ",H,"$1,000,000 "," Internet, Internet of Things, SaaS"," San Francisco Bay Area, West Coast, Western US",Private,Seed,1,230, 1-10,
Snipshot ,Exited,http://www.crunchbase.com/organization/snipshot,,http://snipshot.com, 1/2006,,,," Photo Editing, Photo Sharing, Photography",,Private,Seed,2,17, ,
Clustrix ,Exited,http://www.crunchbase.com/organization/clustrix,https://angel.co/clustrix,http://www.clustrix.com, 1/2006,,,"$71,650,000 "," Big Data, Cloud Computing, E-Commerce, Enterprise Software"," San Francisco Bay Area, West Coast, Western US",Private,Debt Financing,9,64, 101-250,
Xobni ,Exited,http://www.crunchbase.com/organization/xobni,https://angel.co/xobni,http://www.xobni.com, 6/2006,"$48,000,000 ",H,"$41,752,000 "," Apps, Mobile Devices, Software"," San Francisco Bay Area, West Coast, Western US",Private,Series D,8,563, 251-500,
Kirkland North ,Dead,http://www.crunchbase.com/organization/kirkland-north,,http://www.playturf.net, 1/2008,,,"$225,000 "," Gaming, PC Games, Risk Management"," San Francisco Bay Area, West Coast, Western US",Private,Seed,2,5, 1-10,
Voxli ,Dead,http://www.crunchbase.com/organization/voxli,https://angel.co/voxli,http://www.voxli.com, 1/2009,,,"$15,000 "," Gaming, Messaging"," East Coast, Southern US",Private,Seed,1,3, 1-10,
reMail ,Exited,http://www.crunchbase.com/organization/remail,https://angel.co/remail,http://www.remail.com, 1/2009,"$3,000,000 ",L,," Email, Messaging, Mobile Apps"," San Francisco Bay Area, West Coast, Western US",Private,Seed,1,50, 10001+,
Wattvision ,,http://www.crunchbase.com/organization/wattvision,https://angel.co/wattvision,http://wattvision.com, 1/2009,,,," Hardware, Software"," East Coast, Northeastern US",Private,Seed,1,14, 11-50,
DirectedEdge ,,http://www.crunchbase.com/organization/directed-edge,,http://www.directededge.com, 6/2009,,,"$15,000 "," Business Development, Online Portals, Real Time"," San Francisco Bay Area, West Coast, Western US",Private,Seed,1,6, 1-10,
Flightcaster ,Exited,http://www.crunchbase.com/organization/flightcaster,https://angel.co/flightcaster,http://flightcaster.com, 6/2009,"$15,000,000 ",L,"$1,300,000 "," Air Transportation, Tourism, Travel"," San Francisco Bay Area, West Coast, Western US",Private,Series A,3,25, 1-10,
CarWoo ,Dead,http://www.crunchbase.com/organization/carwoo,https://angel.co/carwoo-2,http://a9car.com/, 6/2009,,,"$10,850,000 "," Automotive, Internet"," San Francisco Bay Area, West Coast, Western US",Private,Series A,4,5, 11-50,
Data Marketplace ,Exited,http://www.crunchbase.com/organization/data-marketplace,https://angel.co/data-marketplace,http://www.datamarketplace.com, 1/2010,"$600,000 ",L,," Database, E-Commerce, Marketplace"," San Francisco Bay Area, West Coast, Western US",Private,Seed,1,20, 1-10,
Browsarity ,,http://www.crunchbase.com/organization/browsarity,,None, 1/2010,,,," Charity, E-Commerce, Software, Venture Capital",,Private,Seed,1,1, 1-10,
FanVibe ,Exited,http://www.crunchbase.com/organization/fanpulse,https://angel.co/fanvibe,http://fanvibe.com, 6/2010,"$2,000,000 ",L,," Internet, iOS, Social Media, Sports"," San Francisco Bay Area, West Coast, Western US",Private,Seed,1,12, 1-10,
HireHive ,,http://www.crunchbase.com/organization/hirehive,,http://hirehive.com, 6/2010,,,," Employment, Human Resources, Recruiting, SaaS, Software"," Great Lakes, Midwestern US",Private,Seed,1,2, 1-10,
HelloSign ,,http://www.crunchbase.com/organization/hellofax,https://angel.co/hellofax,http://www.hellofax.com, 1/2011,,,," Hardware, Printing, Public Relations, Telecommunications"," San Francisco Bay Area, West Coast, Western US",Private,Seed,1,54, 11-50,
Tumult ,,http://www.crunchbase.com/organization/tumult-inc,,http://tumult.com/hype, 1/2011,,,," Internet, Software, Web Development"," San Francisco Bay Area, West Coast, Western US",Private,Seed,1,2, 1-10,
PayDragon ,Dead,https://www.crunchbase.com/organization/paydragon,https://angel.co/paydragon,http://www.paperlinks.com, 6/2011,,,," E-Commerce, Grocery, Mobile Apps"," Greater Los Angeles Area, West Coast, Western US",Private,Seed,1,11, 1-10,
EveryMe ,Dead,http://www.crunchbase.com/organization/everyme,https://angel.co/everyme-1,https://everyme.com/, 6/2011,,,"$5,163,408 "," Apps, Internet, Mobile Devices, Social Network"," San Francisco Bay Area, Silicon Valley, West Coast",Private,Seed,2,6, 1-10,
Quartzy ,,http://www.crunchbase.com/organization/quartzy,https://angel.co/quartzy,http://www.quartzy.com, 6/2011,,,"$22,200,000 "," E-Commerce, Enterprise Software"," San Francisco Bay Area, Silicon Valley, West Coast",Private,Series B,3,47, 51-100,
HackerRank ,,http://www.crunchbase.com/organization/hackerrank,https://angel.co/interviewstreet,http://hackerrank.com, 6/2011,,,"$58,200,000 "," Employment, Recruiting, Skill Assessment"," San Francisco Bay Area, Silicon Valley, West Coast",Private,Series C,4,180, 101-250,
HireArt ,,http://www.crunchbase.com/organization/hireart,https://angel.co/hireart,http://www.hireart.com, 1/2012,,,"$6,714,674 "," Enterprise Software, Human Resources, Recruiting"," Greater New York Area, East Coast, Northeastern US",Private,Venture - Series Unknown,2,28, 1-10,
Authy ,Exited,http://www.crunchbase.com/organization/authy-inc,https://angel.co/authy,http://www.authy.com, 1/2012,,,"$3,067,000 "," Cyber Security, Developer APIs, FinTech, Mobile, Security"," San Francisco Bay Area, West Coast, Western US",Private,Seed,5,55, 251-500,
Reddit ,Exited,http://www.crunchbase.com/organization/reddit,https://angel.co/reddit,http://www.reddit.com, 6/2005,"$20,000,000 ",M,"$550,100,000 "," Content, News, Social Bookmarking, Social Media, Social Network"," San Francisco Bay Area, West Coast, Western US",Private,Series D,4,"3,766", 101-250,
Simmery ,Dead,http://www.crunchbase.com/organization/simmery,,None, 6/2005,,,,, European Union (EU),Private,Seed,1,, ,
Parakey ,Exited,http://www.crunchbase.com/organization/parakey,https://angel.co/parakey,http://www.parakey.com, 6/2005,"$5,000,000 ",L,," Social Media, Web Browsers, WebOS"," San Francisco Bay Area, Silicon Valley, West Coast",Private,Seed,1,21, 1-10,
Buxfer ,,http://www.crunchbase.com/organization/buxfer,https://angel.co/buxfer,http://www.buxfer.com, 1/2007,,,"$315,000 "," Accounting, Apps"," San Francisco Bay Area, Silicon Valley, West Coast",Private,Angel,2,35, 1-10,
YumDots ,Dead,http://www.crunchbase.com/organization/yumdots,,http://yumdots.com, 1/2008,,,," Mobile, Restaurants"," San Francisco Bay Area, West Coast, Western US",Private,Seed,1,1, 1-10,
Frogmetrics ,Dead,http://www.crunchbase.com/organization/frogmetrics,https://angel.co/frogmetrics,http://frogmetrics.com, 6/2008,,,," Analytics, Information Technology, Mobile, Mobile Devices, Mobile Payments, Restaurants"," Greater New York Area, East Coast, Northeastern US",Private,Seed,1,4, 1-10,
Heyzap ,Exited,http://www.crunchbase.com/organization/heyzap,https://angel.co/heyzap-1,http://www.heyzap.com, 1/2009,"$45,000,000 ",,"$7,995,000 "," Ad Network, Advertising, Machine Learning, Mobile, Mobile Advertising"," San Francisco Bay Area, West Coast, Western US",Private,Series B,5,144, 11-50,
NudgePad ,Dead,http://www.crunchbase.com/organization/nudgepad,https://angel.co/nudgepad,http://www.nudgepad.com, 6/2009,,,, Developer Tools," San Francisco Bay Area, West Coast, Western US",Private,Seed,1,, 1-10,
Optimizely ,,http://www.crunchbase.com/organization/optimizely,https://angel.co/optimizely,https://www.optimizely.com/, 1/2010,,,"$251,200,000 "," A/B Testing, Developer Tools, Internet, Personalization, SaaS, Software"," San Francisco Bay Area, West Coast, Western US",Private,Debt Financing,9,367, 251-500,
Indinero ,,http://www.crunchbase.com/organization/indinero,https://angel.co/indinero-3,http://indinero.com, 6/2010,,,"$12,041,526 "," Accounting, Consumer Software, Financial Services, FinTech, Software"," San Francisco Bay Area, West Coast, Western US",Private,Series B,5,69, 51-100,
Whereoscope ,Exited,http://www.crunchbase.com/organization/whereoscope,https://angel.co/whereoscope,http://Whereoscope.com, 6/2010,,,," Hardware, Software"," San Francisco Bay Area, Silicon Valley, West Coast",Private,Seed,1,9, 1-10,
I Move You ,,https://www.crunchbase.com/organization/i-move-you,,http://www.i-move-you.com, 6/2010,,,," Logistics, Service Industry, Transportation",,Private,Seed,1,, ,
Fridge ,Exited,http://www.crunchbase.com/organization/the-fridge,https://angel.co/the-fridge,http://www.frid.ge, 6/2010,"$3,000,000 ",L,"$80,000 "," Computer, Infrastructure, Photo Sharing, Social Network, Software, Windows Phone"," San Francisco Bay Area, West Coast, Western US",Private,Seed,1,17, 1-10,
Simperium,,,,http://simplenoteapp.com, 6/2010,,,,,,,,,,,
Gantto ,Exited,http://www.crunchbase.com/organization/gantto,https://angel.co/gantto,http://gantto.com, 6/2010,,,," Internet, SaaS"," San Francisco Bay Area, West Coast, Western US",Private,Seed,1,4, ,
AnyList ,,http://www.crunchbase.com/organization/anylist,,http://www.anylistapp.com, 6/2010,,,," Mobile, Shopping"," San Francisco Bay Area, Silicon Valley, West Coast",Private,Seed,1,11, 1-10,
Giftrocket ,,http://www.crunchbase.com/organization/giftrocket,https://angel.co/giftrocket,http://www.giftrocket.com, 1/2011,,,," Gift Card, Mobile Payments"," San Francisco Bay Area, Silicon Valley, West Coast",Private,Angel,1,17, 11-50,
Graffiti Labs,,,,http://playbuildy.com, 6/2011,,,,,,,,,,,
Zigfu ,,http://www.crunchbase.com/organization/zigfu,https://angel.co/zigfu,http://zigfu.com, 6/2011,,,," Developer Tools, Gaming, Video Games"," San Francisco Bay Area, West Coast, Western US",Private,Seed,1,, 1-10,
Glassmap ,Exited,http://www.crunchbase.com/organization/glassmap,https://angel.co/glassmap,http://www.glassmap.com, 6/2011,"$2,000,000 ",L,," Location Based Services, Mobile, Social Media"," San Francisco Bay Area, Silicon Valley, West Coast",Private,Seed,1,24, 11-50,
Dealupa ,Dead,http://www.crunchbase.com/organization/dealupa,,http://dealupa.com, 1/2012,,,," Retail Technology, Shopping"," Greater Seattle Area, West Coast, Western US",Private,Seed,1,4, 1-10,
Brace ,,https://www.crunchbase.com/organization/brace,,http://www.backlift.com, 1/2012,,,, Web Hosting," San Francisco Bay Area, West Coast, Western US",Private,Seed,1,, ,
Mattermark ,Exited,http://www.crunchbase.com/organization/mattermark,https://angel.co/referly,https://mattermark.com, 6/2012,"$1,000,000 ",,"$17,200,000 "," Big Data, Enterprise Software, Venture Capital"," San Francisco Bay Area, West Coast, Western US",Private,Series B,5,773, 11-50,
Coinbase ,,http://www.crunchbase.com/organization/coinbase,https://angel.co/coinbase,http://www.coinbase.com, 6/2012,,,"$546,602,165 "," Bitcoin, Blockchain, Cryptocurrency, E-Commerce, Ethereum, FinTech, Personal Finance, Virtual Currency"," San Francisco Bay Area, West Coast, Western US",Private,Series F,10,"2,752", 251-500,
Plivo ,,http://www.crunchbase.com/organization/plivo,https://angel.co/plivo,http://www.plivo.com, 6/2012,,,"$1,750,000 "," Audio, Cloud Computing, Developer APIs, Mobile, SMS, Telecommunications"," San Francisco Bay Area, West Coast, Western US",Private,Seed,1,36, 11-50,
Writewith ,Dead,http://www.crunchbase.com/organization/writewith,https://angel.co/writewith,http://writewith.com, 1/2007,,,, Music," West Coast, Western US",Private,Seed,1,1, 1-10,
Twitch ,Exited,http://www.crunchbase.com/organization/twitch,https://angel.co/justin-tv,https://www.twitch.tv/, 1/2007,"$970,000,000 ",H,"$35,000,000 "," Social Media, Video, Video Games, Video Streaming"," San Francisco Bay Area, West Coast, Western US",Private,Series C,3,"4,376", 251-500,
A Thinking Ape ,,https://www.crunchbase.com/organization/a-thinking-ape,https://angel.co/chatterous,http://www.chatterous.com, 1/2008,,,," Information Technology, Online Games, Software",,Private,Seed,1,13, 51-100,
280 North ,Exited,http://www.crunchbase.com/organization/280-north,https://angel.co/280-north,http://280north.com, 1/2008,"$20,000,000 ",H,"$250,000 "," Presentations, Software"," San Francisco Bay Area, West Coast, Western US",Private,Angel,2,13, 11-50,
Deluux ,Dead,http://www.crunchbase.com/organization/deluux,https://angel.co/deluux,http://deluux.com, 1/2008,,,," Content, Facebook, Social Network"," Greater Atlanta Area, East Coast, Southern US",Private,Seed,1,1, 1-10,
JobAlchemy ,Dead,https://www.crunchbase.com/organization/jobalchemist,,http://www.startuply.com, 6/2008,,,," Human Resources, Internet, Recruiting",,Private,Seed,1,1, ,
Listia ,,http://www.crunchbase.com/organization/listia,https://angel.co/listia,http://www.listia.com, 6/2009,,,"$26,165,000 "," Auctions, E-Commerce"," San Francisco Bay Area, Silicon Valley, West Coast",Private,Initial Coin Offering,5,27, 51-100,
Mixpanel ,,http://www.crunchbase.com/organization/mixpanel,https://angel.co/mixpanel,http://www.mixpanel.com, 6/2009,,,"$77,015,000 "," Analytics, Mobile, SaaS, Web Browsers"," San Francisco Bay Area, West Coast, Western US",Private,Series B,5,628, 251-500,
Fithub ,Dead,http://www.crunchbase.com/organization/fithub-2355,,http://tweetflow.com, 1/2010,,,, Fitness," West Coast, Western US",Private,Seed,1,, ,
1000Memories ,Exited,http://www.crunchbase.com/organization/1000memories,https://angel.co/1000memories,http://1000memories.com, 6/2010,"$15,000,000 ",L,"$2,535,000 "," Online Portals, Photo Sharing, Photography"," San Francisco Bay Area, West Coast, Western US",Private,Series A,2,18, 1-10,
MessageParty ,,http://www.crunchbase.com/organization/messageparty,https://angel.co/messageparty,http://messageparty.com, 6/2010,,,"$275,000 "," Blogging Platforms, Location Based Services, Mobile"," Greater New York Area, East Coast, Northeastern US",Private,Seed,1,7, 1-10,
Comprehend Systems ,,http://www.crunchbase.com/organization/comprehend-systems,https://angel.co/comprehend-systems,http://www.comprehend.com, 1/2011,,,"$45,696,000 "," Analytics, Database, Enterprise Software, SaaS"," San Francisco Bay Area, Silicon Valley, West Coast",Private,Series C,5,13, 11-50,
Bridge,,,https://angel.co/flotype-1,http://flotype.com/, 1/2011,,,"$1,400,000 ",,,,,,,,
Userfox ,,,https://angel.co/userfox,http://userfox.com, 6/2011,,,,,,,,,,,
Circuithub ,,http://www.crunchbase.com/organization/circuithub,https://angel.co/circuithub,http://circuithub.com, 1/2012,,,"$4,478,231 "," Electrical Distribution, Electronics, Manufacturing"," San Francisco Bay Area, Silicon Valley, West Coast",Private,Venture - Series Unknown,3,5, 1-10,
Wufoo ,Exited,http://www.crunchbase.com/organization/wufoo-3,https://angel.co/wufoo,http://wufoo.com, 1/2006,"$35,000,000 ",H,"$118,000 "," Lead Generation, Market Research, Payments"," Tampa Bay Area, East Coast, Southern US",Private,Angel,2,9, 1-10,
ProjectWedding ,Exited,http://www.crunchbase.com/organization/project-wedding,https://angel.co/project-wedding,http://www.projectwedding.com, 1/2006,"$4,000,000 ",L,," E-Commerce, Events, Retail, Social Media, Social Network, Wedding"," Washington DC Metro Area, East Coast, Southern US",Private,Seed,1,4, 1-10,
JamGlue ,Dead,http://www.crunchbase.com/organization/jamglue,,http://jamglue.com/, 6/2006,,,," Communities, Music",,Private,Seed,1,, ,
Heysan ,Exited,http://www.crunchbase.com/organization/heysan,https://angel.co/heysan,http://www.heysan.com, 1/2007,"$4,000,000 ",L,"$875,000 "," Messaging, SMS"," San Francisco Bay Area, West Coast, Western US",Private,Seed,2,14, 1-10,
Zenter ,Exited,http://www.crunchbase.com/organization/zenter,,None, 1/2007,"$4,000,000 ",L,"$15,000 "," Content, E-Commerce, Web Hosting"," San Francisco Bay Area, Silicon Valley, West Coast",Private,Seed,1,14, ,
Backtype ,Exited,http://www.crunchbase.com/organization/backtype,https://angel.co/backtype,http://www.backtype.com, 6/2008,"$5,000,000 ",L,"$1,315,000 "," Advertising, Digital Media, Marketing"," San Francisco Bay Area, West Coast, Western US",Private,Venture - Series Unknown,4,90, 1-10,
AirBnb ,,http://www.crunchbase.com/organization/airbnb,https://angel.co/airbnb,http://airbnb.com, 1/2009,,,"$4,398,082,100 "," Hospitality, Marketplace, Peer to Peer, Sharing Economy, Travel, Travel Accommodations"," San Francisco Bay Area, West Coast, Western US",Private,Secondary Market,16,"17,885", 1001-5000,
FanChatter ,,http://www.crunchbase.com/organization/fanchatter,https://angel.co/fanchatter,http://fanchatter.com, 6/2009,,,"$20,000 "," Advertising, Internet, Social Media, Software, Sports"," Greater Minneapolis-Saint Paul Area, Great Lakes, Midwestern US",Private,Seed,1,5, 11-50,
OwnLocal ,,http://www.crunchbase.com/organization/ownlocal,https://angel.co/ownlocal,http://www.ownlocal.com, 1/2010,,,"$3,447,000 "," Advertising, Digital Media, News, SaaS, Small and Medium Businesses, Software", Southern US,Private,Seed,4,41, 11-50,
Mertado ,Exited,http://www.crunchbase.com/organization/six-times-seven,https://angel.co/mertado,http://www.mertado.com, 1/2010,"$10,000,000 ",L,"$2,300,000 "," Apps, E-Commerce, Social Media"," San Francisco Bay Area, West Coast, Western US",Private,Series A,1,15, 1-10,
Koduco ,Dead,http://www.crunchbase.com/organization/koduco,https://angel.co/koduco,http://www.Koduco.com, 6/2010,,,," Collaboration, Gamification, Gaming"," San Francisco Bay Area, West Coast, Western US",Private,Seed,1,2, 1-10,
AppHarbor ,,http://www.crunchbase.com/organization/appharbor,https://angel.co/appharbor,http://appharbor.com, 1/2011,,,," Cloud Data Services, Web Hosting"," San Francisco Bay Area, West Coast, Western US",Private,Seed,1,11, 11-50,
Siasto ,,http://www.crunchbase.com/organization/siasto,,http://siasto.com, 1/2011,,,"$750,000 "," Enterprise Software, File Sharing, Project Management"," San Francisco Bay Area, West Coast, Western US",Private,Venture - Series Unknown,2,8, 1-10,
Earbits ,Exited,http://www.crunchbase.com/organization/earbits,https://angel.co/earbits,http://www.earbits.com, 1/2011,,,"$1,720,000 "," Broadcasting, Digital Entertainment, Internet, Media and Entertainment, Music"," Greater Los Angeles Area, West Coast, Western US",Private,Seed,1,20, 1-10,
MemSQL ,,http://www.crunchbase.com/organization/memsql,https://angel.co/memsql,http://www.memsql.com, 1/2011,,,"$108,100,000 "," Analytics, Big Data, Database, Enterprise Software, Software"," San Francisco Bay Area, West Coast, Western US",Private,Series D,6,141, 101-250,
Zenbox ,Dead,https://www.crunchbase.com/organization/zenbox,,http://gobushido.com, 6/2011,,,," Bitcoin, Browser Extensions, FinTech, Logistics, Software"," San Francisco Bay Area, West Coast, Western US",Private,Seed,3,, 1-10,
Videopixie,,,https://angel.co/videopixie,http://www.sellstage.com, 6/2011,,,,,,,,,,,
Hungry Labs,,,,http://hungrylabs.com, 6/2011,,,,,,,,,,,
Coderwall ,,http://www.crunchbase.com/organization/coderwall,https://angel.co/coderwall,http://coderwall.com, 1/2012,,,," Collaborative Consumption, E-Learning, Education"," San Francisco Bay Area, West Coast, Western US",Private,Seed,1,14, 1-10,
iCracked ,Exited,http://www.crunchbase.com/organization/icracked,https://angel.co/icracked,http://www.icracked.com, 1/2012,,,," Electronics, Hardware, iOS, Mobile Devices, Software"," San Francisco Bay Area, Silicon Valley, West Coast",Private,Seed,2,118, 51-100,
Shoptiques ,,http://www.crunchbase.com/organization/shoptiques,https://angel.co/shoptiques,http://shoptiques.com, 1/2012,,,"$2,000,000 "," Fashion, Internet, Marketplace"," Greater New York Area, East Coast, Northeastern US",Private,Seed,2,33, 51-100,6
Auctomatic ,Exited,http://www.crunchbase.com/organization/auctomatic,https://angel.co/auctomatic,http://auctomatic.com, 1/2007,"$5,000,000 ",H,"$400,000 "," Auctions, E-Commerce, Internet"," San Francisco Bay Area, West Coast, Western US",Private,Angel,2,39, ,3
iJigg ,Dead,http://www.crunchbase.com/organization/ijigg,,http://ijigg.com, 6/2007,,,," Music, Music Streaming, Social Media",,Private,Seed,1,4, 1-10,1
Ninite ,,http://www.crunchbase.com/organization/ninite,https://angel.co/ninite,http://ninite.com, 1/2008,,,," Security, Software, Virtualization"," San Francisco Bay Area, West Coast, Western US",Private,Seed,1,9, 1-10,1
PopCuts ,Dead,http://www.crunchbase.com/organization/popcuts,https://angel.co/popcuts,http://www.popcuts.com, 6/2008,,,," Ediscovery, Music"," Greater Los Angeles Area, Inland Empire, West Coast",Private,Seed,1,3, 1-10,1
CO2Stats ,Dead,http://www.crunchbase.com/organization/co2stats,https://angel.co/co2stats,http://co2stats.com, 6/2008,,,," Analytics, Clean Energy, GreenTech, Internet, Skill Assessment"," Greater Boston Area, East Coast, New England",Private,Seed,2,14, ,2
Recurious ,Dead,https://www.crunchbase.com/organization/recurious,,http://thesixtyone.com, 1/2009,,,," Apps, Children, Education, Gaming, Video Games"," San Francisco Bay Area, Silicon Valley, West Coast",Private,Venture - Series Unknown,1,2, 1-10,1
RentHop ,,http://www.crunchbase.com/organization/renthop,https://angel.co/renthop,https://www.renthop.com, 6/2009,,,"$25,000 "," Real Estate, Rental, Residential"," Greater New York Area, East Coast, Northeastern US",Private,Seed,2,17, 1-10,2
Jobspice ,Dead,http://www.crunchbase.com/organization/jobspice,https://angel.co/jobspice,http://www.jobspice.com, 6/2009,,,," Content, Content Delivery Network, Web Browsers"," Greater Los Angeles Area, West Coast, Western US",Private,Seed,1,10, 11-50,1
DailyBooth ,Exited,http://www.crunchbase.com/organization/dailybooth,https://angel.co/dailybooth,https://thegioimavach.com/, 6/2009,"$10,000,000 ",L,"$7,015,000 "," Industrial Engineering, Media and Entertainment, Photo Sharing, Public Relations"," San Francisco Bay Area, West Coast, Western US",Private,Series A,3,99, 1-10,15
Wakemate ,Dead,http://www.crunchbase.com/organization/wakemate,https://angel.co/wakemate,http://www.wakemate.com, 6/2009,,,," Hardware, iOS, Mobile, Software"," San Francisco Bay Area, West Coast, Western US",Private,Seed,3,33, 1-10,6
YC S09 Stealth - #25,,,,http://, 6/2009,,,,,,,,,,,
Notifo ,Dead,http://www.crunchbase.com/organization/notifo,https://angel.co/notifo,http://notifo.com, 1/2010,,,," Mobile, Mobile Apps"," San Francisco Bay Area, West Coast, Western US",Private,Seed,1,13, 1-10,2
Creative Market ,,https://www.crunchbase.com/organization/creativemarket,,http://www.chromaom.com, 1/2010,,,," E-Commerce Platforms, Graphic Design"," San Francisco Bay Area, West Coast, Western US",Private,Series A,4,25, 11-50,11
Nowmov ,Dead,http://www.crunchbase.com/organization/nowbox,https://angel.co/nowbox,http://nowbox.com, 1/2010,,,, Mobile," San Francisco Bay Area, West Coast, Western US",Private,Angel,2,6, ,11
500Friends ,Exited,http://www.crunchbase.com/organization/500friends,https://angel.co/500friends,http://www.500Friends.com, 1/2010,,,"$12,900,000 "," Advertising, E-Commerce, Enterprise Software, Internet, Loyalty Programs, Marketing, SaaS"," San Francisco Bay Area, West Coast, Western US",Private,Series B,6,6, 11-50,22
OhLife ,Dead,http://www.crunchbase.com/organization/ohlife,https://angel.co/ohlife,http://ohlife.com, 6/2008,,,," Email, Internet"," San Francisco Bay Area, West Coast, Western US",Private,Seed,1,2, 1-10,1
Tapzilla ,Dead,http://www.crunchbase.com/organization/tapzilla,https://angel.co/tapzilla,http://tapzilla.com, 6/2010,,,," iOS, Mobile, Venture Capital"," San Francisco Bay Area, West Coast, Western US",Private,Seed,1,2, 1-10,1
Workflowy ,,http://www.crunchbase.com/organization/workflowy,,http://workflowy.com, 6/2010,,,," Project Management, Web Apps"," San Francisco Bay Area, West Coast, Western US",Private,Seed,2,7, 1-10,2
YouGotListings ,,http://www.crunchbase.com/organization/yougotlistings,https://angel.co/yougotlistings,http://www.yougotlistings.com, 1/2011,,,"$150,000 "," Real Estate, Rental, Rental Property, Smart Home"," Greater Baltimore-Maryland Area, East Coast, Southern US",Private,Seed,1,1, 1-10,2
MailGun ,Exited,http://www.crunchbase.com/organization/mailgun,https://angel.co/mailgun,http://www.mailgun.com, 1/2011,"$30,000,000 ",L,"$51,100,000 "," Email, Messaging, Software"," San Francisco Bay Area, West Coast, Western US",Private,Private Equity,4,39, 51-100,11
StoryWorth ,,http://www.crunchbase.com/organization/storyworth,,https://www.storyworth.com, 1/2011,,,"$167,000 "," Elderly, Internet"," San Francisco Bay Area, West Coast, Western US",Private,Seed,1,6, 1-10,3
Balanced ,Dead,http://www.crunchbase.com/organization/balanced,https://angel.co/balanced,http://www.balancedpayments.com, 1/2011,,,"$3,550,000 "," E-Commerce, Mobile Payments, Payments"," San Francisco Bay Area, West Coast, Western US",Private,Seed,5,19, 11-50,21
Kicksend ,Exited,http://www.crunchbase.com/organization/kicksend,https://angel.co/kicksend,http://kicksend.com, 6/2011,,,"$2,800,000 "," File Sharing, Photography, Real Time"," San Francisco Bay Area, Silicon Valley, West Coast",Private,Seed,2,38, 11-50,12
Citus Data ,Exited,http://www.crunchbase.com/organization/citus-data,,https://www.citusdata.com, 6/2011,,,"$13,150,000 "," Analytics, Database, Internet, Real Time, Security"," San Francisco Bay Area, West Coast, Western US",Private,Series A,5,28, 11-50,15
Clerky ,,http://www.crunchbase.com/organization/clerky,https://angel.co/clerky-1,http://www.clerky.com, 6/2011,,,," Document Management, Document Preparation, Legal, Software"," San Francisco Bay Area, West Coast, Western US",Private,Seed,1,4, 11-50,1
Imgix ,,http://www.crunchbase.com/organization/imgix,,https://www.imgix.com, 6/2011,,,"$11,163,994 "," Developer Tools, Hardware, Internet"," San Francisco Bay Area, West Coast, Western US",Private,Series A,5,4, 11-50,19
The Muse ,,https://www.crunchbase.com/organization/the-muse#/entity,https://angel.co/the-muse-1,http://www.themuse.com/, 1/2012,,,"$7,316,522 "," Career Planning, Employment, Internet, Recruiting, SaaS"," Greater New York Area, East Coast, Northeastern US",Private,Series B,4,87, 101-250,24
LVL6 ,Dead,http://www.crunchbase.com/organization/lvl6,https://angel.co/lvl6,http://www.lvl6.com, 1/2012,,,," Android, Social, Video Games"," San Francisco Bay Area, Silicon Valley, West Coast",Private,Seed,1,, 1-10,2
SlidePay ,Exited,https://www.crunchbase.com/organization/slidepay,https://angel.co/cube,http://www.slidepay.com, 1/2012,,,"$2,100,000 "," Credit Cards, E-Commerce, Mobile, Payments"," San Francisco Bay Area, Silicon Valley, West Coast",Private,Seed,2,, 1-10,8
Marft ,,http://www.crunchbase.com/organization/marft,,http://www.marft.com/, 1/2012,,,, Machine Learning,,Private,Seed,1,, ,1
Parallel Universe ,,http://www.crunchbase.com/organization/parallel-universe,https://angel.co/parallel-universe,http://paralleluniverse.co, 6/2012,,,," Computer, Hardware, Software"," San Francisco Bay Area, West Coast, Western US",Private,Seed,2,6, 1-10,3
InklingMarkets ,,http://www.crunchbase.com/organization/inkling,,http://inklingmarkets.com, 1/2006,,,"$20,000 "," Enterprise Software, Information Services, Information Technology"," Greater Chicago Area, Great Lakes, Midwestern US",Private,Seed,2,14, 11-50,1
AudioBeta ,Dead,http://www.crunchbase.com/organization/audiobeta,,None, 1/2006,,,," Audio, Internet, Music, Social Network"," Greater Boston Area, East Coast, New England",Private,Seed,1,, ,1
Octopart ,Exited,http://www.crunchbase.com/organization/octopart,https://angel.co/octopart,http://octopart.com, 1/2007,,,"$374,999 "," Ediscovery, Search Engine, Service Industry"," Greater New York Area, East Coast, Northeastern US",Private,Seed,2,22, 11-50,9
Zecter ,Exited,http://www.crunchbase.com/organization/zecter,https://angel.co/zecter,http://www.zecter.com, 6/2007,"$10,000,000 ",L,"$2,515,000 "," Document Management, File Sharing, Web Hosting"," San Francisco Bay Area, West Coast, Western US",Private,Venture - Series Unknown,3,26, 1-10,4
Bountii ,,http://www.crunchbase.com/organization/bountii,https://angel.co/bountii,http://bountii.com, 6/2007,,,"$15,000 "," Search Engine, Shopping, Venture Capital"," Greater Boston Area, East Coast, New England",Private,Seed,1,6, 1-10,1
Clickpass ,Exited,http://www.crunchbase.com/organization/clickpass,https://angel.co/clickpass,None, 6/2007,"$1,000,000 ",L,"$20,000 "," Internet, Software"," Greater Philadelphia Area, East Coast, Southern US",Private,Seed,1,, 251-500,1
Dropbox ,,http://www.crunchbase.com/organization/dropbox,https://angel.co/dropbox,http://www.dropbox.com, 6/2007,,,"$2,057,215,000 "," Collaboration, Enterprise Software, File Sharing, Private Cloud, Web Hosting"," San Francisco Bay Area, West Coast, Western US",Public,Debt Financing,9,"18,841", 1001-5000,37
MightyQuiz ,Dead,http://www.crunchbase.com/organization/mightyquiz,https://angel.co/mightyquiz,http://mightyquiz.com, 1/2008,,,," Content, Developer Tools"," San Francisco Bay Area, West Coast, Western US",Private,Seed,1,4, 1-10,1
Vidly / Fliggo ,,http://www.crunchbase.com/organization/vidly,,http://m.vid.ly, 6/2008,,,"$500,000 "," Apps, Photography"," San Francisco Bay Area, West Coast, Western US",Private,Angel,1,15, 1-10,1
Propable ,,http://www.crunchbase.com/organization/propable,,None, 1/2009,,,," Analytics, Property Management, Real Estate Investment"," San Francisco Bay Area, Silicon Valley, West Coast",Private,Seed,1,, ,1
Tuxebo ,Dead,http://www.crunchbase.com/organization/tuxebo,,http://www.tuxebo.co.uk, 6/2009,,,, Lead Generation, European Union (EU),Private,Seed,1,, 1-10,1
CardPool ,Exited,http://www.crunchbase.com/organization/cardpool,https://angel.co/cardpool,http://www.cardpool.com, 1/2010,"$50,000,000 ",L,," E-Commerce, Gift Card"," San Francisco Bay Area, West Coast, Western US",Private,Seed,2,43, 251-500,21
Zenedy ,,http://www.crunchbase.com/organization/zenedy,,http://zenedy.com, 1/2010,,,," Information Services, ISP, Web Browsers"," San Francisco Bay Area, West Coast, Western US",Private,Seed,1,, 1-10,1
ReadyForZero ,Exited,http://www.crunchbase.com/organization/readyforzero,,https://www.readyforzero.com, 6/2010,,,"$4,777,000 "," Finance, FinTech"," Greater Los Angeles Area, West Coast, Western US",Private,Series A,3,51, 11-50,8
Opzi ,Dead,http://www.crunchbase.com/organization/opzi,https://angel.co/opzi,http://opzi.com, 6/2010,,,"$1,015,000 "," Android, Developer Tools, Social"," San Francisco Bay Area, West Coast, Western US",Private,Angel,2,5, 1-10,11
Custora ,,http://www.crunchbase.com/organization/custora,,https://www.custora.com/, 1/2011,,,"$20,250,000 "," Business Intelligence, Digital Marketing, E-Commerce Platforms, Marketing Automation, Retail Technology"," Greater New York Area, East Coast, Northeastern US",Private,Series B,4,146, 11-50,15
Acunote ,,http://www.crunchbase.com/organization/acunote,https://angel.co/acunote,http://www.acunote.com, 1/2011,,,," Analytics, Collaboration, Project Management, Public Relations, Software"," San Francisco Bay Area, Silicon Valley, West Coast",Private,Seed,1,5, 11-50,1
Snapjoy ,Exited,http://www.crunchbase.com/organization/snapjoy,https://angel.co/snapjoy,http://snapjoy.com, 6/2011,"$5,000,000 ",L,," Apps, Data Storage, E-Commerce, Photography"," Greater Denver Area, Western US",Private,Seed,1,24, 11-50,3
B2Brev ,,http://www.crunchbase.com/organization/b2brev,,None, 6/2011,,,," Business Development, Consumer Reviews, E-Commerce, Information Technology"," San Francisco Bay Area, Silicon Valley, West Coast",Private,Seed,1,, ,1
Fobo ,Exited,https://www.crunchbase.com/organization/fobo,,http://www.getyardsale.com, 6/2011,,,," Hardware, Local, Mobile, Software"," San Francisco Bay Area, West Coast, Western US",Private,Venture - Series Unknown,2,7, 1-10,22
Quad ,,http://www.crunchbase.com/organization/quad,https://angel.co/quad,https://thequad.com, 6/2011,,,," Apps, EdTech, Education"," San Francisco Bay Area, West Coast, Western US",Private,Seed,1,, 1-10,1
Exec ,Exited,http://www.crunchbase.com/organization/exec,https://angel.co/exec,http://iamexec.com, 1/2012,,,"$3,300,000 "," Housekeeping Service, Real Time, Service Industry"," San Francisco Bay Area, West Coast, Western US",Private,Seed,1,173, 11-50,14
Swiftype ,Exited,http://www.crunchbase.com/organization/swiftype,https://angel.co/swiftype,https://swiftype.com, 1/2012,,,"$22,200,000 "," App Marketing, Developer APIs, E-Commerce, Enterprise Software, Knowledge Management, Open Source, SaaS, Search Engine"," San Francisco Bay Area, West Coast, Western US",Private,Series B,4,37, 11-50,17
MyVR ,,http://www.crunchbase.com/organization/myvr,https://angel.co/myvr,https://myvr.com, 1/2012,,,"$7,500,000 "," Rental, Software, Vacation Rental"," San Francisco Bay Area, West Coast, Western US",Private,Series A,2,3, 1-10,13
Glider,,,,http://, 1/2012,,,,,,,,,,,
Kiko ,Exited,http://www.crunchbase.com/organization/kiko,https://angel.co/kiko,http://kiko.com, 6/2005,"$258,100 ",H,"$50,000 "," Events, Web Development"," Greater Boston Area, East Coast, New England",Private,Seed,1,40, 11-50,1
LikeBetter ,Dead,http://www.crunchbase.com/organization/likebetter-com,,https://www.likebetter.com, 6/2006,,,," Personalization, Test and Measurement",,Private,Seed,1,, ,1
Scribd ,,http://www.crunchbase.com/organization/scribd,https://angel.co/scribd,http://scribd.com, 6/2006,,,"$47,762,000 "," EBooks, File Sharing, News, Publishing, Social Media, Subscription Service"," San Francisco Bay Area, West Coast, Western US",Private,Series D,6,"1,122", 101-250,13
Fuzzwich ,Dead,http://www.crunchbase.com/organization/fuzzwich,https://angel.co/conecta-2,http://fuzzwich.com, 6/2007,,,"$15,000 "," Consulting, Venture Capital"," San Francisco Bay Area, Silicon Valley, West Coast",Private,Seed,1,2, 1-10,1
ContestMachine ,Dead,http://www.crunchbase.com/organization/contestmachine,,http://www.contestmachine.com, 6/2007,,,," Gambling, Public Relations"," Greater Detroit Area, Great Lakes, Midwestern US",Private,Seed,1,1, 1-10,1
People and Pages ,Dead,http://www.crunchbase.com/organization/people-and-pages,,http://www.peopleandpages.com, 6/2008,,,, Software,,Private,Seed,2,1, 1-10,1
Foodoro ,,http://www.crunchbase.com/organization/foodoro,https://angel.co/foodoro,http://foodoro.com, 1/2009,,,," E-Commerce, Food and Beverage, Food Delivery"," San Francisco Bay Area, West Coast, Western US",Private,Seed,1,10, 11-50,2
Nambii ,Dead,http://www.crunchbase.com/organization/nambii,,http://www.nambii.com, 1/2009,,,," Dating, Venture Capital"," San Francisco Bay Area, West Coast, Western US",Private,Seed,1,1, 1-10,1
Zencoder ,Exited,http://www.crunchbase.com/organization/zencoder,https://angel.co/zencoder,http://zencoder.com, 1/2010,"$30,000,000 ",H,"$2,000,000 "," Audio, Cloud Computing, Cyber Security, SaaS, Video, Web Development"," San Francisco Bay Area, West Coast, Western US",Private,Series A,2,60, 11-50,16
FutureAdvisor ,Exited,http://www.crunchbase.com/organization/futureadvisor,https://angel.co/futureadvisor,http://www.futureadvisor.com, 6/2010,"$150,000,000 ",,"$21,500,000 "," Finance, Financial Services, Personal Finance"," San Francisco Bay Area, West Coast, Western US",Private,Series B,5,153, 11-50,10
PadMapper ,Exited,http://www.crunchbase.com/organization/padmapper,https://angel.co/padmapper,http://www.padmapper.com, 6/2010,,,," Internet of Things, Location Based Services, Real Estate, Search Engine, Travel"," San Francisco Bay Area, West Coast, Western US",Private,Seed,1,113, 1-10,1
Lanyrd ,Exited,http://www.crunchbase.com/organization/lanyrd,https://angel.co/lanyrd,http://lanyrd.com/, 1/2011,,,"$1,400,000 "," Audio, Event Management, Event Promotion, Events, Video", European Union (EU),Private,Seed,1,54, 1-10,9
Moki.TV ,Dead,http://www.crunchbase.com/organization/moki-tv,,http://moki.tv, 1/2011,,,," Content, Guides, TV"," San Francisco Bay Area, West Coast, Western US",Private,Seed,1,, 1-10,1
MixRank ,,http://www.crunchbase.com/organization/mixrank,https://angel.co/mixrank,https://mixrank.com, 6/2011,,,"$2,000,000 "," Advertising, Analytics, B2B, Big Data, Business Intelligence, Enterprise Software, Lead Generation, Marketing Automation, Mobile"," San Francisco Bay Area, West Coast, Western US",Private,Debt Financing,3,14, 11-50,19
Verbling ,,http://www.crunchbase.com/organization/verbling,https://angel.co/verbling,https://www.verbling.com, 6/2011,,,"$3,720,000 "," E-Learning, EdTech, Education, Video Chat"," San Francisco Bay Area, West Coast, Western US",Private,Series A,4,30, 11-50,26
Tagstand ,,http://www.crunchbase.com/organization/tagstand-2,https://angel.co/tagstand,http://www.tagstand.com/, 6/2011,,,"$1,850,000 "," Marketing Automation, NFC"," San Francisco Bay Area, Silicon Valley, West Coast",Private,,,15, 11-50,
Sift Science ,,http://www.crunchbase.com/organization/sift-science,https://angel.co/sift-science,http://sift.com, 6/2011,,,"$106,600,000 "," Big Data, E-Commerce, FinTech, Fraud Detection, Machine Learning, Security"," San Francisco Bay Area, West Coast, Western US",Private,Secondary Market,7,68, 101-250,19
Realm ,Exited,http://www.crunchbase.com/organization/realm-2,https://angel.co/realm,http://realm.io/, 6/2011,"$39,000,000 ",,"$40,202,846 "," Database, Developer Tools, Mobile, Software"," San Francisco Bay Area, West Coast, Western US",Private,Venture - Series Unknown,4,16, 51-100,12
